{
    "iss":{
        "name":"ISS",
        "group":"Astronomy",
        "description":"Get information regarding the International Space Station",
        "usage":"iss",
        "alias":"No Aliases"
    },
    "fact":{
        "name":"Random Fact",
        "group":"Fun",
        "description":"Get a random fact",
        "usage":"fact",
        "alias":"No Aliases"
    },
    "periodic":{
        "name":"Periodic Table / Table of Elements",
        "group":"Chemistry",
        "description":"Gets the periodic table",
        "usage":"periodic {ver}",
        "alias":"periodictable, ptable"
    },
    "periodictable":{
        "name":"Periodic Table / Table of Elements",
        "group":"Chemistry",
        "description":"Gets the periodic table",
        "usage":"periodic {ver}",
        "alias":"periodic, ptable"
    },
    "ptable":{
        "name":"Periodic Table / Table of Elements",
        "group":"Chemistry",
        "description":"Gets the periodic table",
        "usage":"periodic {ver}",
        "alias":"periodictable, periodic"
    },
    "support":{
        "name":"Support Server",
        "group":"General",
        "description":"Get support for the bot if you have questions",
        "usage":"support",
        "alias":"No Aliases"
    },
    "help":{
        "name":"Help Menu",
        "group":"General",
        "description":"The main help menu",
        "usage":"help {astro/chem/bio/general}",
        "alias":"No Aliases"
    },
    "element":{
        "name":"Element Search",
        "group":"Chemistry",
        "description":"Search elements from the periodic table",
        "usage":"element {element_name}",
        "alias":"No Aliases"
    },
    "apod":{
        "name":"Astronomy Picture Of the Day",
        "group":"Astronomy",
        "description":"Picture of day from Nasa regarding the Astronomy section",
        "usage":"apod",
        "alias":"No Aliases"
    },
    "math":{
        "name":"Calculator",
        "group":"Math",
        "description":"A math calculator",
        "usage":"math {equation}",
        "alias":"calc"
    },
    "calc":{
        "name":"Calculator",
        "group":"Math",
        "description":"A math calculator",
        "usage":"math {equation}",
        "alias":"calc"
    },
    "earth":{
        "name":"Satellite Imagery of Earth",
        "group":"Earth Science",
        "description":"Get images of earth from satellites",
        "usage":"earth {latitude} {longitude} {date-YYYY-MM-DD}",
        "alias":"No Aliases"
    },
    "moonphase":{
        "name":"Moon Phase",
        "group":"Astronomy",
        "description":"Get information on the Moon Phases.",
        "usage":"moonphase {user_time}",
        "alias":"mphase"
    },
    "mphase":{
        "name":"Moon Phase",
        "group":"Astronomy",
        "description":"Get information on the Moon Phases.",
        "usage":"moonphase {user_time}",
        "alias":"moonphase"
    },
    "molar":{
        "name":"Molar Mass",
        "group":"Chemistry",
        "description":"Get the molar mass of a chemical compound",
        "usage":"molar {compound/formula}",
        "alias":"No Aliases"
    },
    "elehistory":{
        "name":"Element History",
        "group":"Chemistry",
        "description":"Element History & Country of Origin, not the same thing as the `element` command",
        "usage":"elehistory {element_fullname}",
        "alias":"elementhistory"
    },
    "elementhistory":{
        "name":"Element History",
        "group":"Chemistry",
        "description":"Element History & Country of Origin, not the same thing as the `element` command",
        "usage":"elehistory {element_fullname}",
        "alias":"elehistory"
    },
    "invite":{
        "name":"Invite Sci-Bot",
        "group":"General",
        "description":"Invite Sci-Bot to your own servers!",
        "usage":"invite",
        "alias":"invitebot"
    },
    "invitebot":{
        "name":"Invite Sci-Bot",
        "group":"General",
        "description":"Invite Sci-Bot to your own servers!",
        "usage":"invite",
        "alias":"invite"
    },
    "whatis":{
        "name":"What Is",
        "group":"Tools",
        "description":"What is that?",
        "usage":"whatis {query}",
        "alias":"No Aliases"
    },
    "calcsun":{
        "name":"Sunrise Sunset",
        "group":"Astronomy",
        "description":"Get sunrise and the sunset of a specific coordinate",
        "usage":"calcsun {latitude} {longitude} {time[OPTIONAL]}",
        "alias":"No Aliases"
    },
    "tex":{
        "name":"LaTeX",
        "group":"Tools",
        "description":"Turn your equation/formula into a more pretty form using LaTeX",
        "usage":"tex {formula_equation}",
        "alias":"No Aliases"
    },
    "docs":{
        "name":"Documentations",
        "group":"General",
        "description":"Get the bot's documentation in different formats: pdf, md, txt, html",
        "usage":"docs {format_type}",
        "alias":"doc"
    },
    "doc":{
        "name":"Documentations",
        "group":"General",
        "description":"Get the bot's documentation in different formats: pdf, md, txt, html",
        "usage":"docs {format_type}",
        "alias":"docs"
    },
    "8ball":{
        "name":"8ball",
        "group":"Fun",
        "description":"Play 8ball!",
        "usage":"8ball {user_prompt}",
        "alias":"No Aliases"
    },
    "botinfo":{
        "name":"Bot Informations",
        "group":"General",
        "description":"Get information regarding the bot. Do not get this command confused with the documentation command",
        "usage":"botinfo",
        "alias":"No Aliases"
    },
    "guide":{
        "name":"Bot guidance",
        "group":"General",
        "description":"Get information on how to use this bot properly",
        "usage":"guide",
        "alias":"No Aliases"
    },
    "why":{
        "name":"Why?",
        "group":"Fun",
        "description":"Why? Why? Why?",
        "usage":"why",
        "alias":"No Aliases"
    },
    "register":{
        "name":"User Register",
        "group":"Social",
        "description":"Register the user into the bot's database in order for you too get access to more commands",
        "usage":"register",
        "alias":"No Aliases"
    },
    "userdocs":{
        "name":"Account & Trust Factor Documentations",
        "group":"Social",
        "description":"See the documentations for the Accounts & Trust Factor system",
        "usage":"userdocs",
        "alias":"No Aliases"
    },
    "userdoc":{
        "name":"Account & Trust Factor Documentations",
        "group":"Social",
        "description":"See the documentations for the Accounts & Trust Factor system",
        "usage":"userdocs",
        "alias":"No Aliases"
    },
    "myaccount":{
        "name":"Account",
        "group":"Social",
        "description":"See your user profile or account that is registered",
        "usage":"myaccount",
        "alias":"account"
    },
        "account":{
        "name":"Account",
        "group":"Social",
        "description":"See your user profile or account that is registered",
        "usage":"account",
        "alias":"myaccount"
    },
    
}
