{
    "periodic1":"https://sciencenotes.org/wp-content/uploads/2015/09/MutedPeriodicTable.png",
    "periodic2":"https://www.sciencenewsforstudents.org/wp-content/uploads/2019/11/1080_SS_periodic_table_0.png",
    "periodic3":"https://9b16f79ca967fd0708d1-2713572fef44aa49ec323e813b06d2d9.ssl.cf2.rackcdn.com/1140x_a10-7_cTC/Periodic-Table-of-the-Elements-1553356140.jpg",
    "periodic4":"https://cdn.britannica.com/45/7445-050-BB332C27/version-periodic-table-elements.jpg",
    "iss":"https://www.dataquest.io/wp-content/uploads/2015/09/iss056e201262.jpg",
    "aw_snap":"https://art.pixilart.com/9ef51fc13c02c27.png",
    "nasa":"https://api.nasa.gov/assets/img/favicons/favicon-192.png",
    "science":"https://www.pngitem.com/pimgs/m/269-2691784_science-atom-transparent-background-hd-png-download.png",
    "bio":"http://p1cdn4static.sharpschool.com/UserFiles/Servers/Server_20337961/Image/biology.jpg",
    "chem":"https://leverageedu.com/blog/wp-content/uploads/2020/01/Class-12-Organic-Chemistry-.jpg",
    "astro":"https://www.macomb.edu/resources/programs/images/astronomy-program-image.jpg",
    "yet":"https://www.pinclipart.com/picdir/big/421-4217905_collection-of-home-icon-blue-png-clipart.png",
    "docs":"https://freepikpsd.com/wp-content/uploads/2019/10/icono-libro-png-4-1-Transparent-Images.png"

}